AL0_P,TM-score,TM-align,AL4_P,QCS,Z-score,Handed.,SS,DFM
0.006229078728706064,-0.009265196289119915,-0.011447765507045325,0.13203709769181923,0.047924872058322056,-0.008765234086815992,-0.010948161235743948,-0.011069209104853409,-0.012638655826114556
0.00943030261248097,0.009819113436518851,0.010480179347305288,0.1195007934852037,0.07006342948384423,0.002233002176390128,0.009620418128912803,0.008716998932423798,0.008113407123372482
