AL0_P,TM-score,TM-align,AL4_P,QCS,Z-score,Handed.,SS,DFM
0.02472935790007743,0.038795727165112565,0.025613353930674338,0.04743209276238915,0.0187061107363696,0.05352754669061305,0.020571811845424715,0.019688797544818695,0.07965863270770801
0.039676683183809285,0.08051569486881459,0.04877186661798811,0.07473373929052117,0.04930218876495317,0.07690251442411863,0.04577850874649667,0.05152428145226065,0.07244430756852412
0.016890020765486534,0.04040539242881533,0.03821930485706631,0.038701114150445144,0.018280880616511033,0.06196581372668144,0.004694081875728256,0.0025003885898677394,0.03536717909998001
