AL0_P,TM-score,TM-align,AL4_P,QCS,Z-score,Handed.,SS,DFM
0.03239083308599869,0.04370800032727923,0.030249467057701325,0.046083391811049854,0.018266114006517366,0.04287410521648055,0.016961954305769848,0.014471223327464321,0.06709789201782268
0.03965347790448834,0.07767715859197707,0.05549681156130739,0.06584771318529223,0.039640402622730816,0.056009592763864365,0.040912601305219475,0.03924079146372874,0.05461616138457819
0.025301104432608443,0.04462072482838761,0.04672389605248893,0.0401672403102769,0.015131522435899103,0.04687863593102063,0.005874582788903429,-0.0036493885402055512,0.02315474508362033
