AL0_P,TM-score,TM-align,AL4_P,QCS,Z-score,Handed.,SS,DFM
0.24913397043254748,0.30425465402795343,0.30845698759478524,0.3221383450218813,0.26601244636905236,0.22558235539075303,0.21787610393545112,0.13987334044346425,0.2686718661817843
0.17551334823149115,0.18977284957276364,0.16334508063246372,0.22572140318921396,0.09842543616988207,0.14895572671539298,0.10877205096733512,0.02047873858464807,0.17501801985264506
