AL0_P,TM-score,TM-align,AL4_P,QCS,Z-score,Handed.,SS,DFM
0.015955632330799635,0.039722048263643374,0.02954679845966296,0.05443403650467368,0.01195990873574943,0.05009106773571898,0.007732229658015618,0.019350069841492804,0.04407230163360521
0.029343454510393906,0.047447043397229806,0.021032002680560265,0.03838235952067671,0.016985250637774733,0.052658690578669315,0.01321943684121989,0.029788272282769215,0.05179729227382032
0.03644392578305177,0.07724028174874424,0.04323030383325044,0.06174914363184972,0.054699641985279567,0.08249931915283373,0.0348839711998997,0.06637260548406615,0.07738894534460984
0.010206127853956073,0.05370640984655713,0.03486547278486812,0.029931929853376657,0.012130266975806393,0.061190250408174864,0.018254434807632287,0.024480422400825916,0.05365075756368933
0.021115632728319,0.051678538727124954,0.04155876764619744,0.07169697877441972,0.025043091797330642,0.06628634007313355,0.030929862349036042,0.03128811577015502,0.05178987145181374
