AL0_P,TM-score,TM-align,AL4_P,QCS,Z-score,Handed.,SS,DFM
0.25311898877368505,0.30522819793420103,0.2742847785719498,0.3106213934277897,0.2596962222897346,0.3210229587650486,0.25263317246169703,0.23845547451723495,0.34639376246266507
0.3152215542868302,0.36833779092491825,0.3687580290143655,0.39184863933236175,0.3199659459599578,0.354537176423977,0.3352076805853204,0.299286903207996,0.43861640772619154
0.16084040098532898,0.20620341242849777,0.15773108030524338,0.2253755752579437,0.17869401145579802,0.22308548079738488,0.17386308242613552,0.13649819247805592,0.30591517647330896
0.28495426939050417,0.3133814461427438,0.29310369628478755,0.33937247902880235,0.28887481945711585,0.3261057806592507,0.3098728112529383,0.28731526556925413,0.3575227718890322
0.13245006398740736,0.20048057618843132,0.186167919456453,0.1878060631515907,0.16164334772448732,0.16029431375073727,0.10883180736143218,0.06768249665613897,0.27329374548544466
